[
  {
    "video": "videoplayback.mp4",
    "id": 1
  },
  {
    "video": "videoplayback2.mp4",
    "id": 2
  },
  {
    "video": "videoplayback3.mp4",
    "id": 3
  },
  {
    "video": "videoplayback4.mp4",
    "id": 4
  },
  {
    "video": "videoplayback5.mp4",
    "id": 5
  },
  {
    "video": "videoplayback6.mp4",
    "id": 6
  },
  {
    "video": "videoplayback7.mp4",
    "id": 7
  },
  {
    "video": "videoplayback8.mp4",
    "id": 8
  },
  {
    "video": "videoplayback9.mp4",
    "id": 9
  },
  {
    "video": "videoplayback10.mp4",
    "id": 10
  }
]